{"Tech Infrastructure|People & Culture": {"mean": -0.2124224108658743, "std": 0.5978063319402875}, "Tech Infrastructure|Strategy & Business Vision": {"mean": -0.23561850079744798, "std": 0.5786069534479336}, "Data Readiness & Literacy|Use Cases & Business Value": {"mean": -0.47285784204671855, "std": 0.536723364370737}, "Processes & Scaling|Governance & Compliance": {"mean": -0.2013540000000001, "std": 0.4604983802364572}}